organisation_path,collection_occasion_key,episode_key,collection_occasion_date,reason_for_collection,collection_occasion_tags
PHN999:Treatment01,CO400,E400,27012021,1,
PHN999:Treatment01,CO401,E400,06022021,3,
PHN999:Treatment01,CO402,E401,26092020,1,
PHN999:Treatment01,CO403,E402,19012021,1,
PHN999:Treatment01,CO404,E403,17032021,1,
PHN999:Treatment01,CO405,E403,20102020,2,
PHN999:Treatment01,CO406,E403,04062021,2,
PHN999:Treatment01,CO407,E403,16082020,2,
PHN999:Treatment01,CO408,E403,01072021,3,
PHN999:Treatment01,CO409,E404,26092020,1,
PHN999:Treatment01,CO410,E405,06082020,1,
PHN999:Treatment01,CO411,E406,21032021,1,
PHN999:Treatment01,CO412,E406,18012021,2,
PHN999:Treatment01,CO413,E406,21012021,2,
PHN999:Treatment01,CO414,E406,17082020,2,
PHN999:Treatment01,CO415,E406,15122020,3,
PHN999:Treatment01,CO416,E407,22102020,1,
PHN999:Treatment01,CO417,E408,25102020,1,
PHN999:Treatment01,CO418,E408,26042021,2,
PHN999:Treatment01,CO419,E408,19082020,3,
PHN999:Treatment01,CO420,E409,27072021,1,
