organisation_path,measure_key,collection_occasion_key,k10p_item1,k10p_item2,k10p_item3,k10p_item4,k10p_item5,k10p_item6,k10p_item7,k10p_item8,k10p_item9,k10p_item10,k10p_item11,k10p_item12,k10p_item13,k10p_item14,k10p_score,k10p_tags
PHN999:Treatment01,K10M400,CO401,1,3,2,4,4,4,4,1,1,1,4,18,88,3,25,total=25
PHN999:Treatment01,K10M401,CO402,3,5,1,5,2,3,4,1,1,5,25,6,4,3,30,total=30
PHN999:Treatment01,K10M402,CO412,1,2,5,5,4,5,5,3,4,5,27,27,28,3,39,total=39
PHN999:Treatment01,K10M403,CO413,4,2,4,2,3,2,4,5,4,1,20,28,82,3,31,total=31
PHN999:Treatment01,K10M404,CO418,4,1,5,2,2,3,5,3,1,3,15,10,36,5,29,total=29
