organisation_path,measure_key,intake_key,iar_dst_version,iar_dst_domain_1,iar_dst_domain_2,iar_dst_domain_3,iar_dst_domain_4,iar_dst_domain_5,iar_dst_domain_6,iar_dst_domain_7,iar_dst_domain_8,iar_dst_recommended_level_of_care,iar_dst_practitioner_level_of_care,iar_dst_tags
PHN999:IntakeTreatment01,IarDstIM00,I400,1,3,1,0,0,0,4,3,0,3+,3,"total=3+"
PHN999:IntakeTreatment01,IarDstIM01,I401,1,0,2,0,0,0,0,0,0,3+,9,"total=3+"
PHN999:IntakeTreatment01,IarDstIM02,I402,1,1,0,0,0,2,2,0,2,2,2,"total=2"
PHN999:IntakeTreatment01,IarDstIM03,I403,1,2,0,1,0,0,1,0,0,2+,3,"total=2+"
PHN999:IntakeTreatment01,IarDstIM04,I404,1,0,0,4,0,0,0,0,1,5,5,total=5
PHN999:IntakeTreatment01,IarDstIM05,I405,1,0,0,1,2,2,0,3,2,2+,3,total=2+
PHN999:IntakeTreatment01,IarDstIM06,I406,1,1,1,0,1,0,0,2,0,1,9,total=1
PHN999:IntakeTreatment01,IarDstIM07,I407,1,0,0,1,1,1,0,1,1,1,1,total=1
PHN999:IntakeTreatment01,IarDstIM08,I408,1,3,1,3,1,1,0,0,4,4+,4,total=4+
PHN999:IntakeTreatment01,IarDstIM09,I409,1,3,0,0,0,0,4,0,1,3+,3,total=3+
