organisation_path,intake_key,client_key,client_consent,referral_date,program_type,referrer_profession,referrer_organisation_type,date_client_contacted_intake,intake_funding_source,suicide_referral_flag,date_referred_to_other_service_at_intake_conclusion,organisation_type_referred_to_at_intake_conclusion,referred_to_organisation_path,intake_tags
PHN999:IntakeTreatment01,I400,C400,1,27072021,3,10,13,27072021,3,9,,"99 15 2 14",PHN999:IntakeTreatment01,
PHN999:IntakeTreatment01,I401,C400,2,20062021,3,14,5,20062021,3,1,,"99 21",PHN999:IntakeTreatment01,
PHN999:IntakeTreatment01,I402,C400,1,30082021,3,6,2,30082021,2,1,,"2 1 98 13 20",PHN999:IntakeTreatment01,
PHN999:IntakeTreatment01,I403,C400,1,30072021,3,10,21,30072021,3,1,,"9 5 17",PHN999:IntakeTreatment01,
PHN999:IntakeTreatment01,I404,C400,1,01092021,3,14,17,01092021,2,9,,"14 18 8",PHN999:IntakeTreatment01,
PHN999:IntakeTreatment01,I405,C400,1,17032020,3,6,3,17032020,2,2,,"21 4 14 11 13 10",PHN999:IntakeTreatment01,
PHN999:IntakeTreatment01,I406,C400,1,04092021,3,7,98,04092021,2,2,,"10 6 99 19",PHN999:IntakeTreatment01,
PHN999:IntakeTreatment01,I407,C400,1,21022021,3,4,19,21022021,1,2,,"2 6 9 16",PHN999:IntakeTreatment01,
PHN999:IntakeTreatment01,I408,C400,1,12102021,3,8,10,12102021,2,9,,"2 15 1 4 6 19",PHN999:IntakeTreatment01,
PHN999:IntakeTreatment01,I409,C400,1,12052021,3,1,5,12052021,2,9,,"12 3",PHN999:IntakeTreatment01,
