organisation_path,measure_key,collection_occasion_key,k5_item1,k5_item2,k5_item3,k5_item4,k5_item5,k5_score,k5_tags
PHN999:IntakeTreatment01,K5M400,CO403,5,9,4,3,1,99,
PHN999:IntakeTreatment01,K5M401,CO404,2,3,3,1,5,14,
PHN999:IntakeTreatment01,K5M402,CO407,9,5,2,3,9,99,
PHN999:IntakeTreatment01,K5M403,CO408,1,4,1,9,5,99,
PHN999:IntakeTreatment01,K5M404,CO411,4,3,9,3,9,99,
PHN999:IntakeTreatment01,K5M405,CO414,4,1,5,1,1,12,
PHN999:IntakeTreatment01,K5M406,CO415,5,3,2,2,4,16,
PHN999:IntakeTreatment01,K5M407,CO416,2,4,3,9,2,99,
PHN999:IntakeTreatment01,K5M408,CO417,3,4,1,1,3,12,
PHN999:IntakeTreatment01,K5M409,CO420,2,9,5,3,2,99,
