{
  "@id": "client-metadata.json",
  "@context": { "http://www.w3.org/ns/csvw": { "@language": "en" } },
  "columns": [{
    "name": "organisation_path",
    "titles": [ "organisation_path" ],
    "dc:title": "Organisation Path",
    "schema:description": "A sequence of colon separated Organisation Keys that fully specifies the Provider Organisation providing a service to the client.",
    "schema:disambiguatingDescription": "type/organisation-path.rst",
    "schema:dateCreated": "2016-06-22",
    "schema:dateDeleted": "2016-06-22",
    "schema:dateModified": "2016-06-22",
    "datatype": {
      "base": "string"
    },
    "required": true,
    "schema:formOrder": "1"
  },{
     "name": "client_key",
    "titles": [ "client_key" ],
    "dc:title": "Client Key",
    "schema:description": "This is a number or code assigned to each individual client referred to the commissioned organisation. The client identifier must be unique and stable for each individual within the Provider Organisation. Assigned by either the PHN or Provider Organisation depending on local procedures.",
    "schema:disambiguatingDescription": "table/client/key.rst",
    "schema:dateCreated": "2016-06-22",
    "schema:dateDeleted": "2016-06-22",
    "schema:dateModified": "2016-06-22",
    "datatype": {
      "base": "string",
      "minLength": 2,
      "maxLength": 50
      },
    "required": true,
    "schema:formOrder": "2"
  },{
    "name": "slk",
    "titles": [ "slk" ],
    "dc:title": "Client - Statistical Linkage Key",
    "schema:description": "A key that enables two or more records belonging to the same individual to be brought together.",
    "schema:disambiguatingDescription": "table/client/slk.rst",
    "schema:meteorItem": "349510",
    "schema:dateCreated": "2016-06-22",
    "schema:dateDeleted": "2016-06-22",
    "schema:dateModified": "2016-06-22",
    "datatype": {
      "base": "string",
      "minLength": 14,
      "maxLength": 40
      },
    "required": true,
    "schema:formOrder": "6"
  },{
    "name": "date_of_birth",
    "titles": [ "date_of_birth" ],
    "dc:title": "Client - Date of Birth",
    "schema:description": "The date on which an individual was born.",
    "schema:disambiguatingDescription": "table/client/date-of-birth.rst",
    "schema:meteorItem": "287007",
    "schema:dateCreated": "2016-06-22",
    "schema:dateDeleted": "2016-06-22",
    "schema:dateModified": "2018-01-02",
    "datatype": {
      "base": "date",
      "format": "dMMyyyy",
      "minimum": "1900-01-01"
    },
    "required": true,
    "schema:dateMissingUnknown": "9999-09-09",
    "schema:formOrder": "3"
  },{
    "name": "est_date_of_birth",
    "titles": [ "est_date_of_birth" ],
    "dc:title": "Client - Estimated Date of Birth Flag",
    "schema:description": "The date of birth estimate flag records whether or not the client's date of birth has been estimated.",
    "schema:dateCreated": "2016-06-22",
    "schema:dateDeleted": "2016-06-22",
    "schema:dateModified": "2016-06-22",
    "datatype": {
      "base": "string"
    },
    "required": true,
    "schema:formOrder": "4"
  },{
    "name": "client_gender",
    "titles": [ "client_gender" ],
    "dc:title": "Client - Gender",
    "schema:description": "The term 'gender' refers to the way in which a person identifies their masculine or feminine characteristics. A persons gender relates to their deeply held internal and individual sense of gender and is not always exclusively male or female. It may or may not correspond to their sex assigned at birth.",
    "schema:absItem": "http://www.abs.gov.au/ausstats/abs@.nsf/Latestproducts/1200.0.55.012Main%20Features12016?opendocument&tabname=Summary&prodno=1200.0.55.012&issue=2016&num=&view=",
    "schema:disambiguatingDescription": "type/gender.rst",
    "schema:dateCreated": "2016-06-22",
    "schema:dateDeleted": "2016-06-22",
    "schema:dateModified": "2016-06-22",
    "datatype": {
      "base": "string"
    },
    "required": true,
    "schema:formOrder": "5"
  },{
    "name": "client_atsi_status",
    "titles": [ "client_atsi_status" ],
    "dc:title": "Client - Aboriginal and Torres Strait Islander Status",
    "schema:description": "Whether a person identifies as being of Aboriginal and/or Torres Strait Islander origin, as represented by a code.",
    "schema:disambiguatingDescription": "type/atsi-status.rst",
    "schema:meteorItem": "291036",
    "schema:dateCreated": "2016-06-22",
    "schema:dateDeleted": "2016-06-22",
    "schema:dateModified": "2016-06-22",
    "datatype": {
      "base": "string"
    },
    "required": true,
    "schema:formOrder": "7"
  },{
    "name": "country_of_birth",
    "titles": [ "country_of_birth" ],
    "dc:title": "Client - Country of Birth",
    "schema:description": "The country in which the client was born, as represented by a code.",
    "schema:disambiguatingDescription": "table/client/country-of-birth.rst",
    "schema:meteorItem": "459973",
    "schema:absItem": "http://www.abs.gov.au/ausstats/abs@.nsf/mf/1269.0",
    "schema:dateCreated": "2016-06-22",
    "schema:dateDeleted": "2016-06-22",
    "schema:dateModified": "2016-06-22",
    "datatype": {
      "base": "string",
      "length": 4
    },
    "required": true,
    "schema:formOrder": "8"
  },{
    "name": "main_lang_at_home",
    "titles": [ "main_lang_at_home" ],
    "dc:title": "Client - Main Language Spoken at Home",
    "schema:description": "The language reported by a client as the main language other than English spoken by that client in his/her home (or most recent private residential setting occupied by the client) to communicate with other residents of the home or setting and regular visitors, as represented by a code.",
    "schema:disambiguatingDescription": "table/client/main-lang-at-home.rst",
    "schema:meteorItem": "460125",
    "schema:absItem": "http://www.abs.gov.au/ausstats/abs@.nsf/mf/1267.0",
    "schema:dateCreated": "2016-06-22",
    "schema:dateDeleted": "2016-06-22",
    "schema:dateModified": "2016-06-22",
    "datatype": {
      "base": "string",
      "length": 4
    },
    "required": true,
    "schema:formOrder": "9"
  },{
    "name": "prof_english",
    "titles": [ "prof_english" ],
    "dc:title": "Client - Proficiency in Spoken English",
    "schema:description": "The self-assessed level of ability to speak English, asked of people whose first language is a language other than English or who speak a language other than English at home.",
    "schema:disambiguatingDescription": "table/client/prof-english.rst",
    "schema:meteorItem": "270203",
    "schema:dateCreated": "2016-06-22",
    "schema:dateDeleted": "2016-06-22",
    "schema:dateModified": "2016-06-22",
    "datatype": {
      "base": "string"
    },
    "required": true,
    "schema:formOrder": "10"
  },{
    "name": "client_tags",
    "titles": [ "client_tags" ],
    "dc:title" : "Client - Tags",
    "schema:description": "List of tags for the client.",
    "schema:disambiguatingDescription": "type/tags.rst",
    "schema:dateCreated": "2016-06-22",
    "schema:dateDeleted": "2016-06-22",
    "schema:dateModified": "2016-06-22",
    "datatype": {
      "base": "string"
      },
    "required": false,
    "schema:formOrder": "11"
  }],
  "primaryKey": [ "organisation_path", "client_key" ],
  "foreignKeys": [{
    "columnReference": "organisation_path",
    "reference": {
      "resource": "data/organisations.csv",
      "columnReference": "organisation_path"
    }
  }, {
    "columnReference": "client_atsi_status",
    "reference": {
      "resource": "type/atsi-status.csv",
      "columnReference": "id"
    }
  }, {
    "columnReference": "country_of_birth",
    "reference": {
      "resource": "table/client/country-of-birth.csv",
      "columnReference": "id"
    }
  }, {
    "columnReference": "est_date_of_birth",
    "reference": {
      "resource": "table/client/est-date-of-birth.csv",
      "columnReference": "id"
    }
  }, {
    "columnReference": "main_lang_at_home",
    "reference": {
      "resource": "table/client/main-lang-at-home.csv",
      "columnReference": "id"
    }
  }, {
    "columnReference": "client_gender",
    "reference": {
      "resource": "type/gender.csv",
      "columnReference": "id"
    }
  }, {
    "columnReference": "prof_english",
    "reference": {
      "resource": "table/client/prof-english.csv",
      "columnReference": "id"
    }
  }]
}
