{
  "@id": "metadata-metadata.json",
  "@context": { "http://www.w3.org/ns/csvw": { "@language": "en" } },
  "columns": [{
    "name": "key",
    "titles": [ "key" ],
    "dc:title": "Key",
    "schema:description": "A metadata key name.",
    "schema:disambiguatingDescription": "type/metadata-key.rst",
    "schema:dateCreated": "2018-08-24",
    "datatype": {
      "base": "string"
    },
    "required": true
  },{
    "name": "value",
    "titles": [ "value" ],
    "dc:title": "Value",
    "schema:description": "The metadata value.",
    "schema:disambiguatingDescription": "type/metadata-value.rst",
    "schema:dateCreated": "2018-08-24",
    "datatype": {
      "base": "string"
      },
    "required": true
  }]
}
