{
  "@id": "service-contact-metadata.json",
  "@context": { "http://www.w3.org/ns/csvw": { "@language": "en" } },
  "columns": [{
    "name": "organisation_path",
    "titles": [ "organisation_path" ],
    "dc:title": "Organisation Path",
    "schema:description": "A sequence of colon separated Organisation Keys that fully specifies the Provider Organisation providing a service to the client.",
    "schema:disambiguatingDescription": "type/organisation_path.rst",
    "schema:dateCreated": "2016-06-22",
    "schema:dateDeleted": "2016-06-22",
    "schema:dateModified": "2016-06-22",
    "datatype": {
      "base": "string"
    },
    "required": true
  },{
    "name": "service_contact_key",
    "titles": [ "service_contact_key" ],
    "dc:title": "Service Contact Key",
    "schema:description": "This is a number or code assigned to each service contact. The Service Contact Key is unique and stable for each service contact at the level of the Provider Organisation.",
    "schema:disambiguatingDescription": "table/service-contact/key.rst",
    "schema:dateCreated": "2016-06-22",
    "schema:dateDeleted": "2016-06-22",
    "schema:dateModified": "2016-06-22",
    "datatype": {
      "base": "string",
      "minLength": 2,
      "maxLength": 50
    },
    "required": true
  },{
    "name": "episode_key",
    "titles": [ "episode_key" ],
    "dc:title": "Episode Key",
    "schema:description": "This is a number or code assigned to each episode. The Episode Key is unique and stable for each episode at the level of the organisation.",
    "schema:dateCreated": "2016-06-22",
    "schema:dateDeleted": "2016-06-22",
    "schema:dateModified": "2016-06-22",
    "datatype": {
      "base": "string",
      "minLength": 2,
      "maxLength": 50
    },
    "required": true
  },{
    "name": "practitioner_key",
    "titles": [ "practitioner_key" ],
    "dc:title": "Practitioner Key",
    "schema:description": "A unique identifier for a practitioner within the provider organisation.",
    "schema:dateCreated": "2016-06-22",
    "schema:dateDeleted": "2016-06-22",
    "schema:dateModified": "2016-06-22",
    "datatype": {
      "base": "string",
      "minLength": 2,
      "maxLength": 50
      },
    "required": true
  },{
    "name": "service_contact_date",
    "titles": [ "service_contact_date" ],
    "dc:title": "Service Contact - Date",
    "schema:description": "The date of each mental health service contact between a health service provider and patient/client.",
    "schema:disambiguatingDescription": "table/service-contact/date.rst",
    "schema:meteorItem": "494356",
    "schema:dateCreated": "2016-06-22",
    "schema:dateDeleted": "2016-06-22",
    "schema:dateModified": "2018-01-02",
    "datatype": {
      "base": "date",
      "format": "dMMyyyy",
      "minimum": "2014-01-01"
    },
    "schema:dateMissingUnknown": "9999-09-09",
    "required": true
  },{
    "name": "service_contact_type",
    "titles": [ "service_contact_type" ],
    "dc:title": "Service Contact - Type",
    "schema:description": "The main type of service provided in the service contact, as represented by the service type that accounted for most provider time.",
    "schema:disambiguatingDescription": "table/service-contact/type.rst",
    "schema:dateCreated": "2016-06-22",
    "schema:dateDeleted": "2016-06-22",
    "schema:dateModified": "2016-06-22",
    "datatype": {
      "base": "string"
    },
    "required": true
  },{
    "name": "service_contact_postcode",
    "titles": [ "service_contact_postcode" ],
    "dc:title": "Service Contact - Postcode",
    "schema:description": "The Australian postcode where the service contact took place.",
    "schema:disambiguatingDescription": "table/service-contact/postcode.rst",
    "schema:meteorItem": "429894",
    "schema:dateCreated": "2016-06-22",
    "schema:dateDeleted": "2016-06-22",
    "schema:dateModified": "2016-06-22",
    "datatype": {
      "base": "string",
      "format": "^([1-9][0-9]{3}|0[289][0-9]{2})$"
    },
    "required": true
  },{
    "name": "service_contact_modality",
    "titles": [ "service_contact_modality" ],
    "dc:title": "Service Contact - Modality",
    "schema:description": "How the service contact was delivered, as represented by a code.",
    "schema:disambiguatingDescription": "table/service-contact/modality.rst",
    "schema:dateCreated": "2016-06-22",
    "schema:dateDeleted": "2016-06-22",
    "schema:dateModified": "2016-06-22",
    "datatype": {
      "base": "string"
    },
    "required": true
  },{
    "name": "service_contact_participants",
    "titles": [ "service_contact_participants" ],
    "dc:title": "Service Contact - Participants",
    "schema:description": "An indication of who participated in the Service Contact.",
    "schema:disambiguatingDescription": "table/service-contact/participants.rst",
    "schema:dateCreated": "2016-06-22",
    "schema:dateModified": "2016-06-08",
    "datatype": {
      "base": "string"
    },
    "required": true
  },{
    "name": "service_contact_venue",
    "titles": [ "service_contact_venue" ],
    "dc:title": "Service Contact - Venue",
    "schema:description": "Where the service contact was delivered, as represented by a code.",
    "schema:disambiguatingDescription": "table/service-contact/venue.rst",
    "schema:dateCreated": "2016-06-22",
    "schema:dateDeleted": "2016-06-22",
    "schema:dateModified": "2016-06-22",
    "datatype": {
      "base": "string"
    },
    "required": true
  },{
    "name": "service_contact_duration",
    "titles": [ "service_contact_duration" ],
    "dc:title": "Service Contact - Duration",
    "schema:description": "The time from the start to finish of a service contact.",
    "schema:disambiguatingDescription": "table/service-contact/duration.rst",
    "schema:dateCreated": "2016-06-22",
    "schema:dateDeleted": "2016-06-22",
    "schema:dateModified": "2016-06-22",
    "datatype": {
      "base": "string"
    },
    "required": true
  },{
    "name": "service_contact_copayment",
    "titles": [ "service_contact_copayment" ],
    "dc:title": "Service Contact - Copayment",
    "schema:description": "The co-payment is the amount paid by the client per session.",
    "schema:disambiguatingDescription": "table/service-contact/copayment.rst",
    "schema:dateCreated": "2016-06-22",
    "schema:dateDeleted": "2016-06-22",
    "schema:dateModified": "2016-06-22",
    "datatype": {
      "base": "number",
      "format": "#####0.##",
      "minimum": 0,
      "maximum": 999999.99
    },
    "required": true
  },{
    "name": "service_contact_participation_indicator",
    "titles": [ "service_contact_participation_indicator" ],
    "dc:title": "Service Contact - Client Participation Indicator",
    "schema:description": "An indicator of whether the client participated, or intended to participate, in the service contact, as represented by a code.",
    "schema:disambiguatingDescription": "table/service-contact/participation-indicator.rst",
    "schema:meteorItem": "494341",
    "schema:dateCreated": "2016-06-22",
    "schema:dateDeleted": "2016-06-22",
    "schema:dateModified": "2016-06-22",
    "datatype": {
      "base": "string"
    },
    "required": true
  },{
    "name": "service_contact_interpreter",
    "titles": [ "service_contact_interpreter" ],
    "dc:title": "Service Contact - Interpreter Used",
    "schema:description": "Whether an interpreter service was used during the Service Contact",
    "schema:disambiguatingDescription": "table/service-contact/interpreter.rst",
    "schema:dateCreated": "2016-07-08",
    "schema:dateModified": "2016-07-08",
    "datatype": {
      "base": "string"
    },
    "required": true
  },{
    "name": "service_contact_no_show",
    "titles": [ "service_contact_no_show" ],
    "dc:title": "Service Contact - No Show",
    "schema:description": "Where an appointment was made for an intended participant(s), but the intended participant(s) failed to attend the appointment, as represented by a code.",
    "schema:disambiguatingDescription": "table/service-contact/no-show.rst",
    "schema:dateCreated": "2016-06-22",
    "schema:dateDeleted": "2016-06-22",
    "schema:dateModified": "2016-06-22",
    "datatype": {
      "base": "string"
    },
    "required": true
  },{
    "name": "service_contact_final",
    "titles": "service_contact_final",
    "dc:title": "Service Contact - Final",
    "schema:description": "An indication of whether the Service Contact is the final for the current Episode of Care",
    "schema:disambiguatingDescription": "table/service-contact/final.rst",
    "schema:dateCreated": "2016-07-08",
    "schema:dateModified": "2016-07-08",
    "datatype": {
      "base": "string"
    },
    "required": true
  },{
    "name": "service_contact_tags",
    "titles": [ "service_contact_tags" ],
    "dc:title" : "Service Contact - Tags",
    "schema:description": "List of tags for the service contact.",
    "schema:disambiguatingDescription": "type/tags.rst",
    "schema:dateCreated": "2016-06-22",
    "schema:dateDeleted": "2016-06-22",
    "schema:dateModified": "2016-06-22",
    "datatype": {
      "base": "string"
      },
    "required": false
  }],
  "primaryKey": [ "organisation_path", "service_contact_key" ],
  "foreignKeys": [{
    "columnReference": "service_contact_type",
    "reference": {
      "resource": "table/service-contact/type.csv",
      "columnReference": "id"
    }
  }, {
    "columnReference": [ "organisation_path", "episode_key" ],
    "reference": {
      "resource": "data/episodes.csv",
      "columnReference": [ "organisation_path", "episode_key" ]
    }
  }, {
    "columnReference": [ "organisation_path", "practitioner_key" ],
    "reference": {
      "resource": "data/practitioners.csv",
      "columnReference": [ "organisation_path", "practitioner_key" ]
    }
  }, {
    "columnReference": "service_contact_modality",
    "reference": {
      "resource": "table/service-contact/modality.csv",
      "columnReference": "id"
    }
  }, {
    "columnReference": "service_contact_participants",
    "reference": {
      "resource": "table/service-contact/participants.csv",
      "columnReference": "id"
    }
  }, {
    "columnReference": "service_contact_venue",
    "reference": {
      "resource": "table/service-contact/venue.csv",
      "columnReference": "id"
    }
  }, {
    "columnReference": "service_contact_duration",
    "reference": {
      "resource": "table/service-contact/duration.csv",
      "columnReference": "id"
    }
  }, {
    "columnReference": "service_contact_participation_indicator",
    "reference": {
      "resource": "type/boolean.csv",
      "columnReference": "id"
    }
  }, {
    "columnReference": "service_contact_interpreter",
    "reference": {
      "resource": "table/service-contact/interpreter.csv",
      "columnReference": "id"
    }
  }, {
    "columnReference": "service_contact_no_show",
    "reference": {
      "resource": "type/boolean.csv",
      "columnReference": "id"
    }
  }, {
    "columnReference": "service_contact_final",
    "reference": {
      "resource": "table/service-contact/final.csv",
      "columnReference": "id"
    }
  }]
}
