{
  "@id": "k10p-metadata.json",
  "@context": { "http://www.w3.org/ns/csvw": { "@language": "en" } },
  "columns": [{
    "name": "organisation_path",
    "titles": [ "organisation_path" ],
    "dc:title": "Organisation Path",
    "schema:description": "A sequence of colon separated Organisation Keys that fully specifies the Provider Organisation providing a service to the client.",
    "schema:disambiguatingDescription": "type/organisation-path.rst",
    "schema:dateCreated": "2016-06-22",
    "schema:dateDeleted": "2016-06-22",
    "schema:dateModified": "2016-06-22",
    "datatype": {
      "base": "string"
    },
    "required": true
  },{
     "name": "measure_key",
    "titles": [ "measure_key" ],
    "dc:title": "Measure Key",
    "schema:description": "This is a number or code assigned to each instance of a measure. The Measure Key is unique and stable for each instance of a measure at the level of the organisation.",
    "schema:disambiguatingDescription": "table/measure/key.rst",
    "schema:dateCreated": "2016-06-22",
    "schema:dateDeleted": "2016-06-22",
    "schema:dateModified": "2016-06-22",
    "datatype": {
      "base": "string",
      "minLength": 2,
      "maxLength": 50
    },
    "required": true
  },{
    "name": "collection_occasion_key",
    "titles": [ "collection_occasion_key" ],
    "dc:title": "Collection Occasion Key",
    "schema:description": "This is a number or code assigned to each collection occasion of service activity. The Collection Occasion Key is unique and stable for each collection occasion at the level of the organisation.",
    "schema:disambiguatingDescription": "table/collection-occasion/key.rst",
    "schema:dateCreated": "2016-06-22",
    "schema:dateDeleted": "2016-06-22",
    "schema:dateModified": "2016-06-22",
    "datatype": {
      "base": "string",
      "minLength": 2,
      "maxLength": 50
    },
    "required": true
  },{
    "name": "k10p_item1",
    "titles": [ "k10p_item1" ],
    "dc:title": "K10+ - Question 1",
    "schema:description": "In the past 4 weeks, about how often did you feel tired out for no good reason?",
    "schema:disambiguatingDescription": "table/measure/k10p/Q1.rst",
    "schema:dateCreated": "2016-06-22",
    "schema:dateDeleted": "2016-06-22",
    "schema:dateModified": "2016-06-22",
    "datatype": {
      "base": "string"
    },
    "required": true
  },{
    "name": "k10p_item2",
    "titles": [ "k10p_item2" ],
    "dc:title": "K10+ - Question 2",
    "schema:description": "In the past 4 weeks, about how often did you feel nervous?",
    "schema:disambiguatingDescription": "table/measure/k10p/Q2.rst",
    "schema:dateCreated": "2016-06-22",
    "schema:dateDeleted": "2016-06-22",
    "schema:dateModified": "2016-06-22",
    "datatype": {
      "base": "string"
    },
    "required": true
  },{
    "name": "k10p_item3",
    "titles": [ "k10p_item3" ],
    "dc:title": "K10+ - Question 3",
    "schema:description": "In the past 4 weeks, about how often did you feel so nervous that nothing could calm you down?",
    "schema:disambiguatingDescription": "table/measure/k10p/Q3.rst",
    "schema:dateCreated": "2016-06-22",
    "schema:dateDeleted": "2016-06-22",
    "schema:dateModified": "2016-06-22",
    "datatype": {
      "base": "string"
    },
    "required": true
  },{
    "name": "k10p_item4",
    "titles": [ "k10p_item4" ],
    "dc:title": "K10+ - Question 4",
    "schema:description": "In the past 4 weeks, how often did you feel hopeless?",
    "schema:disambiguatingDescription": "table/measure/k10p/Q4.rst",
    "schema:dateCreated": "2016-06-22",
    "schema:dateDeleted": "2016-06-22",
    "schema:dateModified": "2016-06-22",
    "datatype": {
      "base": "string"
    },
    "required": true
  },{
    "name": "k10p_item5",
    "titles": [ "k10p_item5" ],
    "dc:title": "K10+ - Question 5",
    "schema:description": "In the past 4 weeks, how often did you feel restless or fidgety?",
    "schema:disambiguatingDescription": "table/measure/k10p/Q5.rst",
    "schema:dateCreated": "2016-06-22",
    "schema:dateDeleted": "2016-06-22",
    "schema:dateModified": "2016-06-22",
    "datatype": {
      "base": "string"
    },
    "required": true
  },{
    "name": "k10p_item6",
    "titles": [ "k10p_item6" ],
    "dc:title": "K10+ - Question 6",
    "schema:description": "In the past 4 weeks, how often did you feel so restless you could not sit still?",
    "schema:disambiguatingDescription": "table/measure/k10p/Q6.rst",
    "schema:dateCreated": "2016-06-22",
    "schema:dateDeleted": "2016-06-22",
    "schema:dateModified": "2016-06-22",
    "datatype": {
      "base": "string"
    },
    "required": true
  },{
    "name": "k10p_item7",
    "titles": [ "k10p_item7" ],
    "dc:title": "K10+ - Question 7",
    "schema:description": "In the past 4 weeks, how often did you feel depressed?",
    "schema:disambiguatingDescription": "table/measure/k10p/Q7.rst",
    "schema:dateCreated": "2016-06-22",
    "schema:dateDeleted": "2016-06-22",
    "schema:dateModified": "2016-06-22",
    "datatype": {
      "base": "string"
    },
    "required": true
  },{
    "name": "k10p_item8",
    "titles": [ "k10p_item8" ],
    "dc:title": "K10+ - Question 8",
    "schema:description": "In the past 4 weeks, how often did you feel that everything was an effort?",
    "schema:disambiguatingDescription": "table/measure/k10p/Q8.rst",
    "schema:dateCreated": "2016-06-22",
    "schema:dateDeleted": "2016-06-22",
    "schema:dateModified": "2016-06-22",
    "datatype": {
      "base": "string"
    },
    "required": true
  },{
    "name": "k10p_item9",
    "titles": [ "k10p_item9" ],
    "dc:title": "K10+ - Question 9",
    "schema:description": "In the past 4 weeks, how often did you feel so sad that nothing could cheer you up?",
    "schema:disambiguatingDescription": "table/measure/k10p/Q9.rst",
    "schema:dateCreated": "2016-06-22",
    "schema:dateDeleted": "2016-06-22",
    "schema:dateModified": "2016-06-22",
    "datatype": {
      "base": "string"
    },
    "required": true
  },{
    "name": "k10p_item10",
    "titles": [ "k10p_item10" ],
    "dc:title": "K10+ - Question 10",
    "schema:description": "In the past 4 weeks, how often did you feel worthless?",
    "schema:disambiguatingDescription": "table/measure/k10p/Q10.rst",
    "schema:dateCreated": "2016-06-22",
    "schema:dateDeleted": "2016-06-22",
    "schema:dateModified": "2016-06-22",
    "datatype": {
      "base": "string"
    },
    "required": true
  },{
    "name": "k10p_item11",
    "titles": [ "k10p_item11" ],
    "dc:title": "K10+ - Question 11",
    "schema:description": "In the past four weeks, how many days were you totally unable to work, study or manage your day to day activities because of these feelings?",
    "schema:disambiguatingDescription": "table/measure/k10p/Q11.rst",
    "schema:dateCreated": "2016-06-22",
    "schema:dateDeleted": "2016-06-22",
    "schema:dateModified": "2016-06-22",
    "null": "99",
    "datatype": {
      "base": "integer",
      "minimum": 0,
      "maximum": 28
    }
  },{
    "name": "k10p_item12",
    "titles": [ "k10p_item12" ],
    "dc:title": "K10+ - Question 12",
    "schema:description": "Aside from those days, in the past four weeks, how many days were you able to work or study or manage your day to day activities, but had to cut down on what you did because of these feelings?",
    "schema:disambiguatingDescription": "table/measure/k10p/Q12.rst",
    "schema:dateCreated": "2016-06-22",
    "schema:dateDeleted": "2016-06-22",
    "schema:dateModified": "2016-06-22",
    "null": "99",
    "datatype": {
      "base": "integer",
      "minimum": 0,
      "maximum": 28
    }
  },{
    "name": "k10p_item13",
    "titles": [ "k10p_item13" ],
    "dc:title": "K10+ - Question 13",
    "schema:description": "In the past four weeks, how many times have you seen a doctor or any other health professional about these feelings?",
    "schema:disambiguatingDescription": "table/measure/k10p/Q13.rst",
    "schema:dateCreated": "2016-06-22",
    "schema:dateDeleted": "2016-06-22",
    "schema:dateModified": "2016-06-22",
    "null": "99",
    "datatype": {
      "base": "integer",
      "minimum": 0,
      "maximum": 89
    }
  },{
    "name": "k10p_item14",
    "titles": [ "k10p_item14" ],
    "dc:title": "K10+ - Question 14",
    "schema:description": "In the past four weeks, how often have physical health problems been the main cause of these feelings?",
    "schema:disambiguatingDescription": "table/measure/k10p/Q14.rst",
    "schema:dateCreated": "2016-06-22",
    "schema:dateDeleted": "2016-06-22",
    "schema:dateModified": "2016-06-22",
    "datatype": {
      "base": "string"
    },
    "required": true
  },{
    "name": "k10p_score",
    "titles": [ "k10p_score" ],
    "dc:title" : "K10+ - Score",
    "schema:description": "The overall K10 score.",
    "schema:disambiguatingDescription": "table/measure/k10p/score.rst",
    "schema:dateCreated": "2016-06-22",
    "schema:dateDeleted": "2016-06-22",
    "schema:dateModified": "2016-06-22",
    "null": "99",
    "datatype": {
      "base": "integer",
      "minimum": 10,
      "maximum": 50
    }
  },{
    "name": "k10p_tags",
    "titles": [ "k10p_tags" ],
    "dc:title" : "K10+ - Tags",
    "schema:description": "List of tags for the measure.",
    "schema:disambiguatingDescription": "type/tags.rst",
    "schema:dateCreated": "2016-06-22",
    "schema:dateDeleted": "2016-06-22",
    "schema:dateModified": "2016-06-22",
    "datatype": {
      "base": "string"
      }
  }],
  "primaryKey": [ "organisation_path", "measure_key" ],
  "foreignKeys": [{
    "columnReference": [ "organisation_path", "collection_occasion_key" ],
    "reference": {
      "resource": "data/collection-occasions.csv",
      "columnReference": [ "organisation_path", "collection_occasion_key" ]
    }
  }, {
    "columnReference": "k10p_item1",
    "reference": {
      "resource": "table/measure/k10p-k5.csv",
      "columnReference": "id"
    }
  }, {
    "columnReference": "k10p_item2",
    "reference": {
      "resource": "table/measure/k10p-k5.csv",
      "columnReference": "id"
    }
  }, {
    "columnReference": "k10p_item3",
    "reference": {
      "resource": "table/measure/k10p-k5.csv",
      "columnReference": "id"
    }
  }, {
    "columnReference": "k10p_item4",
    "reference": {
      "resource": "table/measure/k10p-k5.csv",
      "columnReference": "id"
    }
  }, {
    "columnReference": "k10p_item5",
    "reference": {
      "resource": "table/measure/k10p-k5.csv",
      "columnReference": "id"
    }
  }, {
    "columnReference": "k10p_item6",
    "reference": {
      "resource": "table/measure/k10p-k5.csv",
      "columnReference": "id"
    }
  }, {
    "columnReference": "k10p_item7",
    "reference": {
      "resource": "table/measure/k10p-k5.csv",
      "columnReference": "id"
    }
  }, {
    "columnReference": "k10p_item8",
    "reference": {
      "resource": "table/measure/k10p-k5.csv",
      "columnReference": "id"
    }
  }, {
    "columnReference": "k10p_item9",
    "reference": {
      "resource": "table/measure/k10p-k5.csv",
      "columnReference": "id"
    }
  }, {
    "columnReference": "k10p_item10",
    "reference": {
      "resource": "table/measure/k10p-k5.csv",
      "columnReference": "id"
    }
  }, {
    "columnReference": "k10p_item14",
    "reference": {
      "resource": "table/measure/k10p-k5.csv",
      "columnReference": "id"
    }
  }]
}
