organisation_path,collection_occasion_key,delete,episode_key,collection_occasion_date,reason_for_collection,collection_occasion_tags
PHN999:IntakeTreatment01,CO400,delete,,,,
PHN999:IntakeTreatment01,CO401,delete,,,,
PHN999:IntakeTreatment01,CO402,delete,,,,
PHN999:IntakeTreatment01,CO403,delete,,,,
PHN999:IntakeTreatment01,CO404,delete,,,,
PHN999:IntakeTreatment01,CO405,delete,,,,
PHN999:IntakeTreatment01,CO406,delete,,,,
PHN999:IntakeTreatment01,CO407,delete,,,,
PHN999:IntakeTreatment01,CO408,delete,,,,
PHN999:IntakeTreatment01,CO409,delete,,,,
PHN999:IntakeTreatment01,CO410,delete,,,,
PHN999:IntakeTreatment01,CO411,delete,,,,
PHN999:IntakeTreatment01,CO412,delete,,,,
PHN999:IntakeTreatment01,CO413,delete,,,,
PHN999:IntakeTreatment01,CO414,delete,,,,
PHN999:IntakeTreatment01,CO415,delete,,,,
PHN999:IntakeTreatment01,CO416,delete,,,,
PHN999:IntakeTreatment01,CO417,delete,,,,
PHN999:IntakeTreatment01,CO418,delete,,,,
PHN999:IntakeTreatment01,CO419,delete,,,,
PHN999:IntakeTreatment01,CO420,delete,,,,
