organisation_path,intake_key,delete,client_key,client_consent,referral_date,program_type,referrer_profession,referrer_organisation_type,date_client_contacted_intake,intake_funding_source,suicide_referral_flag,date_referred_to_other_service_at_intake_conclusion,organisation_type_referred_to_at_intake_conclusion,referred_to_organisation_path,intake_tags
PHN999:IntakeTreatment01,I400,delete,,,,,,,,,,,,,
PHN999:IntakeTreatment01,I401,delete,,,,,,,,,,,,,
PHN999:IntakeTreatment01,I402,delete,,,,,,,,,,,,,
PHN999:IntakeTreatment01,I403,delete,,,,,,,,,,,,,
PHN999:IntakeTreatment01,I404,delete,,,,,,,,,,,,,
PHN999:IntakeTreatment01,I405,delete,,,,,,,,,,,,,
PHN999:IntakeTreatment01,I406,delete,,,,,,,,,,,,,
PHN999:IntakeTreatment01,I407,delete,,,,,,,,,,,,,
PHN999:IntakeTreatment01,I408,delete,,,,,,,,,,,,,
PHN999:IntakeTreatment01,I409,delete,,,,,,,,,,,,,
