organisation_path,measure_key,delete,collection_occasion_key,k10p_item1,k10p_item2,k10p_item3,k10p_item4,k10p_item5,k10p_item6,k10p_item7,k10p_item8,k10p_item9,k10p_item10,k10p_item11,k10p_item12,k10p_item13,k10p_item14,k10p_score,k10p_tags
PHN999:IntakeTreatment01,K10M400,delete,,,,,,,,,,,,,,,,,
PHN999:IntakeTreatment01,K10M401,delete,,,,,,,,,,,,,,,,,
PHN999:IntakeTreatment01,K10M402,delete,,,,,,,,,,,,,,,,,
PHN999:IntakeTreatment01,K10M403,delete,,,,,,,,,,,,,,,,,
PHN999:IntakeTreatment01,K10M404,delete,,,,,,,,,,,,,,,,,
