organisation_path,measure_key,delete,collection_occasion_key,k5_item1,k5_item2,k5_item3,k5_item4,k5_item5,k5_score,k5_tags
PHN999:IntakeTreatment01,K5M400,delete,,,,,,,,
PHN999:IntakeTreatment01,K5M401,delete,,,,,,,,
PHN999:IntakeTreatment01,K5M402,delete,,,,,,,,
PHN999:IntakeTreatment01,K5M403,delete,,,,,,,,
PHN999:IntakeTreatment01,K5M404,delete,,,,,,,,
PHN999:IntakeTreatment01,K5M405,delete,,,,,,,,
PHN999:IntakeTreatment01,K5M406,delete,,,,,,,,
PHN999:IntakeTreatment01,K5M407,delete,,,,,,,,
PHN999:IntakeTreatment01,K5M408,delete,,,,,,,,
PHN999:IntakeTreatment01,K5M409,delete,,,,,,,,
