organisation_path,measure_key,delete,collection_occasion_key,k5_item1,k5_item2,k5_item3,k5_item4,k5_item5,k5_score,k5_tags
PHN999:IntakeTreatment01,delete,,,,,,,,,
PHN999:IntakeTreatment01,delete,,,,,,,,,
PHN999:IntakeTreatment01,delete,,,,,,,,,
PHN999:IntakeTreatment01,delete,,,,,,,,,
PHN999:IntakeTreatment01,delete,,,,,,,,,
PHN999:IntakeTreatment01,delete,,,,,,,,,
PHN999:IntakeTreatment01,delete,,,,,,,,,
PHN999:IntakeTreatment01,delete,,,,,,,,,
PHN999:IntakeTreatment01,delete,,,,,,,,,
PHN999:IntakeTreatment01,delete,,,,,,,,,
