organisation_path,measure_key,delete,collection_occasion_key,sdq_version,sdq_item1,sdq_item2,sdq_item3,sdq_item4,sdq_item5,sdq_item6,sdq_item7,sdq_item8,sdq_item9,sdq_item10,sdq_item11,sdq_item12,sdq_item13,sdq_item14,sdq_item15,sdq_item16,sdq_item17,sdq_item18,sdq_item19,sdq_item20,sdq_item21,sdq_item22,sdq_item23,sdq_item24,sdq_item25,sdq_item26,sdq_item27,sdq_item28,sdq_item29,sdq_item30,sdq_item31,sdq_item32,sdq_item33,sdq_item34,sdq_item35,sdq_item36,sdq_item37,sdq_item38,sdq_item39,sdq_item40,sdq_item41,sdq_item42,sdq_emotional_symptoms,sdq_conduct_problem,sdq_hyperactivity,sdq_peer_problem,sdq_prosocial,sdq_total,sdq_impact,sdq_tags
PHN999:IntakeTreatment01,SDQM400,delete,,,,,,,,,,,,,,,,,,,,,,,,,,,,,,,,,,,,,,,,,,,,,,,,,,,,
PHN999:IntakeTreatment01,SDQM401,delete,,,,,,,,,,,,,,,,,,,,,,,,,,,,,,,,,,,,,,,,,,,,,,,,,,,,
PHN999:IntakeTreatment01,SDQM402,delete,,,,,,,,,,,,,,,,,,,,,,,,,,,,,,,,,,,,,,,,,,,,,,,,,,,,
PHN999:IntakeTreatment01,SDQM403,delete,,,,,,,,,,,,,,,,,,,,,,,,,,,,,,,,,,,,,,,,,,,,,,,,,,,,
PHN999:IntakeTreatment01,SDQM404,delete,,,,,,,,,,,,,,,,,,,,,,,,,,,,,,,,,,,,,,,,,,,,,,,,,,,,
PHN999:IntakeTreatment01,SDQM405,delete,,,,,,,,,,,,,,,,,,,,,,,,,,,,,,,,,,,,,,,,,,,,,,,,,,,,
PHN999:IntakeTreatment01,SDQM406,delete,,,,,,,,,,,,,,,,,,,,,,,,,,,,,,,,,,,,,,,,,,,,,,,,,,,,
PHN999:IntakeTreatment01,SDQM407,delete,,,,,,,,,,,,,,,,,,,,,,,,,,,,,,,,,,,,,,,,,,,,,,,,,,,,
PHN999:IntakeTreatment01,SDQM408,delete,,,,,,,,,,,,,,,,,,,,,,,,,,,,,,,,,,,,,,,,,,,,,,,,,,,,
PHN999:IntakeTreatment01,SDQM409,delete,,,,,,,,,,,,,,,,,,,,,,,,,,,,,,,,,,,,,,,,,,,,,,,,,,,,
PHN999:IntakeTreatment01,SDQM410,delete,,,,,,,,,,,,,,,,,,,,,,,,,,,,,,,,,,,,,,,,,,,,,,,,,,,,
PHN999:IntakeTreatment01,SDQM411,delete,,,,,,,,,,,,,,,,,,,,,,,,,,,,,,,,,,,,,,,,,,,,,,,,,,,,
PHN999:IntakeTreatment01,SDQM412,delete,,,,,,,,,,,,,,,,,,,,,,,,,,,,,,,,,,,,,,,,,,,,,,,,,,,,
PHN999:IntakeTreatment01,SDQM413,delete,,,,,,,,,,,,,,,,,,,,,,,,,,,,,,,,,,,,,,,,,,,,,,,,,,,,
PHN999:IntakeTreatment01,SDQM414,delete,,,,,,,,,,,,,,,,,,,,,,,,,,,,,,,,,,,,,,,,,,,,,,,,,,,,
PHN999:IntakeTreatment01,SDQM415,delete,,,,,,,,,,,,,,,,,,,,,,,,,,,,,,,,,,,,,,,,,,,,,,,,,,,,
PHN999:IntakeTreatment01,SDQM416,delete,,,,,,,,,,,,,,,,,,,,,,,,,,,,,,,,,,,,,,,,,,,,,,,,,,,,
PHN999:IntakeTreatment01,SDQM417,delete,,,,,,,,,,,,,,,,,,,,,,,,,,,,,,,,,,,,,,,,,,,,,,,,,,,,
PHN999:IntakeTreatment01,SDQM418,delete,,,,,,,,,,,,,,,,,,,,,,,,,,,,,,,,,,,,,,,,,,,,,,,,,,,,
PHN999:IntakeTreatment01,SDQM419,delete,,,,,,,,,,,,,,,,,,,,,,,,,,,,,,,,,,,,,,,,,,,,,,,,,,,,
PHN999:IntakeTreatment01,SDQM420,delete,,,,,,,,,,,,,,,,,,,,,,,,,,,,,,,,,,,,,,,,,,,,,,,,,,,,
